date,total_spending,day_of_week,month,day,week,quarter,year,is_weekend,is_month_end,lag_1,lag_7,lag_30,rolling_mean_7,rolling_mean_30
2018-01-31,25999.92,2,1,31,5,1,2018,0,1,24098.84,45826.76,77103.28,39415.375714285714,47070.46866666667
2018-02-01,33660.47,3,2,1,5,1,2018,0,0,25999.92,4011.76,99601.47,36582.97,45367.02333333333
2018-02-02,177778.30000000002,4,2,2,5,1,2018,0,0,33660.47,60477.130000000005,28836.12,40818.5,43168.99
2018-02-03,226945.1,5,2,3,5,1,2018,1,0,177778.30000000002,34817.520000000004,52272.13,57575.810000000005,48133.72933333333
2018-02-04,37489.399999999994,6,2,4,5,1,2018,1,0,226945.1,70040.45,117374.98,85022.60714285714,53956.16166666667
2018-02-05,34977.32,0,2,5,6,1,2018,0,0,37489.399999999994,36635.17,24714.74,80372.45714285715,51293.309
2018-02-06,32099.61,1,2,6,6,1,2018,0,0,34977.32,24098.84,2693.69,80135.62142857142,51635.395000000004
2018-02-07,25649.83,2,2,7,6,1,2018,0,0,32099.61,25999.92,19897.489999999998,81278.58857142857,52615.592333333334
2018-02-08,17015.72,3,2,8,6,1,2018,0,0,25649.83,33660.47,20414.07,81228.57571428572,52807.33700000001
2018-02-09,15945.75,4,2,9,6,1,2018,0,0,17015.72,177778.30000000002,54559.78,78850.75428571428,52694.058666666664
2018-02-10,30492.93,5,2,10,6,1,2018,1,0,15945.75,226945.1,71324.93,55731.81857142857,51406.924333333336
2018-02-11,13485.15,6,2,11,6,1,2018,1,0,30492.93,37489.399999999994,66942.58,27667.222857142857,50045.85766666666
2018-02-12,61729.850000000006,0,2,12,7,1,2018,0,0,13485.15,34977.32,6670.86,24238.044285714284,48263.943333333336
2018-02-13,16295.720000000001,1,2,13,7,1,2018,0,0,61729.850000000006,32099.61,93023.04999999999,28059.834285714285,50099.243
2018-02-14,63890.1,2,2,14,7,1,2018,0,0,16295.720000000001,25649.83,20203.809999999998,25802.135714285716,47541.66533333334
2018-02-15,58262.16,3,2,15,7,1,2018,0,0,63890.1,17015.72,9788.11,31265.03142857143,48997.875
2018-02-16,53568.670000000006,4,2,16,7,1,2018,0,0,58262.16,15945.75,7886.48,37157.38,50613.67666666666
2018-02-17,61409.409999999996,5,2,17,7,1,2018,1,0,53568.670000000006,30492.93,9684.86,42532.08285714286,52136.416333333334
2018-02-18,21065.65,6,2,18,7,1,2018,1,0,61409.409999999996,13485.15,96521.64,46948.72285714286,53860.568
2018-02-19,19446.79,0,2,19,8,1,2018,0,0,21065.65,61729.850000000006,89147.17,48031.65142857143,51345.36833333333
2018-02-20,8151.92,1,2,20,8,1,2018,0,0,19446.79,16295.720000000001,82565.98,41991.21428571428,49022.022333333334
2018-02-21,83627.83,2,2,21,8,1,2018,0,0,8151.92,63890.1,77761.38,40827.81428571429,46541.55366666667
2018-02-22,17732.88,3,2,22,8,1,2018,0,0,83627.83,58262.16,7217.83,43647.49,46737.10199999999
2018-02-23,49455.82,4,2,23,8,1,2018,0,0,17732.88,53568.670000000006,45826.76,37857.59285714286,47087.60366666667
2018-02-24,151212.76,5,2,24,8,1,2018,1,0,49455.82,61409.409999999996,4011.76,37270.04285714286,47208.57233333334
2018-02-25,70425.18,6,2,25,8,1,2018,1,0,151212.76,21065.65,60477.130000000005,50099.09285714286,52115.27233333334
2018-02-26,86829.14,0,2,26,9,1,2018,0,0,70425.18,19446.79,34817.520000000004,57150.45428571429,52446.873999999996
2018-02-27,87521.86,1,2,27,9,1,2018,0,0,86829.14,8151.92,70040.45,66776.50428571428,54180.594666666664
2018-02-28,86032.06,2,2,28,9,1,2018,0,1,87521.86,83627.83,36635.17,78115.06714285714,54763.308333333334
2018-03-01,64981.14,3,3,1,9,1,2018,0,0,86032.06,17732.88,24098.84,78458.52857142857,56409.871333333336
2018-03-02,242391.64,4,3,2,9,1,2018,0,0,64981.14,49455.82,25999.92,85208.28,57772.61466666667
2018-03-03,35553.020000000004,5,3,3,9,1,2018,1,0,242391.64,151212.76,33660.47,112770.54000000001,64985.672000000006
2018-03-04,171183.81,6,3,4,9,1,2018,1,0,35553.020000000004,70425.18,177778.30000000002,96247.71999999999,65048.757
2018-03-05,146770.22,0,3,5,10,1,2018,0,0,171183.81,86829.14,226945.1,110641.81000000001,64828.94066666667
2018-03-06,133015.06,1,3,6,10,1,2018,0,0,146770.22,87521.86,37489.399999999994,119204.82142857143,62156.44466666666
2018-03-07,21965.91,2,3,7,10,1,2018,0,0,133015.06,86032.06,34977.32,125703.85,65340.63333333333
2018-03-08,22908.62,3,3,8,10,1,2018,0,0,21965.91,64981.14,32099.61,116551.54285714286,64906.91966666666
2018-03-09,41626.340000000004,4,3,9,10,1,2018,0,0,22908.62,242391.64,25649.83,110541.18285714286,64600.55333333334
2018-03-10,19029.02,5,3,10,10,1,2018,1,0,41626.340000000004,35553.020000000004,17015.72,81860.42571428571,65133.10366666667
2018-03-11,40934.82,6,3,11,10,1,2018,1,0,19029.02,171183.81,15945.75,79499.8542857143,65200.21366666667
2018-03-12,32351.120000000003,0,3,12,11,1,2018,0,0,40934.82,146770.22,30492.93,60892.85571428571,66033.18266666666
2018-03-13,29059.539999999997,1,3,13,11,1,2018,0,0,32351.120000000003,133015.06,13485.15,44547.270000000004,66095.12233333333
2018-03-14,68062.61,2,3,14,11,1,2018,0,0,29059.539999999997,21965.91,61729.850000000006,29696.481428571427,66614.26866666667
2018-03-15,49198.5,3,3,15,11,1,2018,0,0,68062.61,22908.62,16295.720000000001,36281.724285714285,66825.36066666667
2018-03-16,72644.95,4,3,16,11,1,2018,0,0,49198.5,41626.340000000004,63890.1,40037.42142857143,67922.12
2018-03-17,66604.44,5,3,17,11,1,2018,1,0,72644.95,19029.02,58262.16,44468.65142857143,68213.94833333333
2018-03-18,60521.47000000001,6,3,18,11,1,2018,1,0,66604.44,40934.82,53568.670000000006,51265.14,68492.02433333333
2018-03-19,19225.559999999998,0,3,19,12,1,2018,0,0,60521.47000000001,32351.120000000003,61409.409999999996,54063.23285714286,68723.78433333333
2018-03-20,7263.549999999999,1,3,20,12,1,2018,0,0,19225.559999999998,29059.539999999997,21065.65,52188.15285714286,67317.656
2018-03-21,23855.69,2,3,21,12,1,2018,0,0,7263.549999999999,68062.61,19446.79,49074.44,66857.586
2018-03-22,8305.64,3,3,22,12,1,2018,0,0,23855.69,49198.5,8151.92,42759.16571428571,67004.54933333334
2018-03-23,7032.15,4,3,23,12,1,2018,0,0,8305.64,72644.95,83627.83,36917.32857142857,67009.67333333332
2018-03-24,69661.17,5,3,24,12,1,2018,1,0,7032.15,66604.44,17732.88,27544.071428571428,64456.484000000004
2018-03-25,16856.94,6,3,25,12,1,2018,1,0,69661.17,60521.47000000001,49455.82,27980.74714285714,66187.427
2018-03-26,20200.64,0,3,26,13,1,2018,0,0,16856.94,19225.559999999998,151212.76,21742.95714285714,65100.797666666665
2018-03-27,75693.07,1,3,27,13,1,2018,0,0,20200.64,7263.549999999999,70425.18,21882.254285714287,60733.72699999999
2018-03-28,53648.81,2,3,28,13,1,2018,0,0,75693.07,23855.69,86829.14,31657.899999999998,60909.323333333334
2018-03-29,102562.33,3,3,29,13,1,2018,0,0,53648.81,8305.64,87521.86,35914.06,59803.312333333335
2018-03-30,100173.72,4,3,30,13,1,2018,0,0,102562.33,7032.15,86032.06,49379.30142857142,60304.66133333334
2018-03-31,107359.28,5,3,31,13,1,2018,1,1,100173.72,69661.17,64981.14,62685.24,60776.05
2018-04-01,30894.64,6,4,1,13,2,2018,1,0,107359.28,16856.94,242391.64,68070.68428571428,62188.65466666667
2018-04-02,75090.87000000001,0,4,2,14,2,2018,0,0,30894.64,20200.64,35553.020000000004,70076.06999999999,55138.75466666666
2018-04-03,284168.46,1,4,3,14,2,2018,0,0,75090.87000000001,75693.07,171183.81,77917.53142857144,56456.683000000005
2018-04-04,213252.93000000002,2,4,4,14,2,2018,0,0,284168.46,53648.81,146770.22,107699.73,60222.838
2018-04-05,24742.35,3,4,5,14,2,2018,0,0,213252.93000000002,102562.33,133015.06,130500.31857142858,62438.92833333334
2018-04-06,16507.25,4,4,6,14,2,2018,0,0,24742.35,100173.72,21965.91,119383.17857142857,58829.838
2018-04-07,21804.86,5,4,7,14,2,2018,1,0,16507.25,107359.28,22908.62,107430.82571428572,58647.88266666667
2018-04-08,71718.12999999999,6,4,8,14,2,2018,1,0,21804.86,30894.64,41626.340000000004,95208.7657142857,58611.09066666667
2018-04-09,12645.07,0,4,9,15,2,2018,0,0,71718.12999999999,75090.87000000001,19029.02,101040.69285714286,59614.15033333333
2018-04-10,64209.80999999999,1,4,10,15,2,2018,0,0,12645.07,284168.46,40934.82,92119.86428571427,59401.352
2018-04-11,87290.87,2,4,11,15,2,2018,0,0,64209.80999999999,213252.93000000002,32351.120000000003,60697.200000000004,60177.185000000005
2018-04-12,72181.77,3,4,12,15,2,2018,0,0,87290.87,24742.35,29059.539999999997,42702.619999999995,62008.51
2018-04-13,66098.3,4,4,13,15,2,2018,0,0,72181.77,16507.25,68062.61,49479.68,63445.91766666667
2018-04-14,7651.43,5,4,14,15,2,2018,1,0,66098.3,21804.86,49198.5,56564.11571428571,63380.44066666668
2018-04-15,20435.96,6,4,15,15,2,2018,1,0,7651.43,71718.12999999999,72644.95,54542.197142857134,61995.53833333334
2018-04-16,17538.34,0,4,16,16,2,2018,0,0,20435.96,12645.07,66604.44,47216.17285714286,60255.23866666667
2018-04-17,18589.87,1,4,17,16,2,2018,0,0,17538.34,64209.80999999999,60521.47000000001,47915.211428571434,58619.702000000005
2018-04-18,23218.600000000002,2,4,18,16,2,2018,0,0,18589.87,87290.87,19225.559999999998,41398.077142857146,57221.981999999996
2018-04-19,57722.92,3,4,19,16,2,2018,0,0,23218.600000000002,72181.77,7263.549999999999,32244.895714285718,57355.083333333336
2018-04-20,26746.690000000002,4,4,20,16,2,2018,0,0,57722.92,66098.3,23855.69,30179.34571428571,59037.062333333335
2018-04-21,31015.35,5,4,21,16,2,2018,1,0,26746.690000000002,7651.43,8305.64,24557.687142857143,59133.429
2018-04-22,51762.340000000004,6,4,22,16,2,2018,1,0,31015.35,20435.96,7032.15,27895.389999999996,59890.41933333334
2018-04-23,29354.739999999998,0,4,23,17,2,2018,0,0,51762.340000000004,17538.34,69661.17,32370.58714285714,61381.42566666668
2018-04-24,14869.85,1,4,24,17,2,2018,0,0,29354.739999999998,18589.87,16856.94,34058.64428571429,60037.878000000004
2018-04-25,15125.350000000002,2,4,25,17,2,2018,0,0,14869.85,23218.600000000002,20200.64,33527.21285714286,59971.64166666667
2018-04-26,106545.8,3,4,26,17,2,2018,0,0,15125.350000000002,57722.92,75693.07,32371.034285714286,59802.46533333334
2018-04-27,123505.04000000001,4,4,27,17,2,2018,0,0,106545.8,26746.690000000002,53648.81,39345.73142857143,60830.88966666667
2018-04-28,65696.39,5,4,28,17,2,2018,1,0,123505.04000000001,31015.35,102562.33,53168.35285714286,63159.430666666674
2018-04-29,111680.42,6,4,29,17,2,2018,1,0,65696.39,51762.340000000004,100173.72,58122.787142857145,61930.566
2018-04-30,72639.27,0,4,30,18,2,2018,0,1,111680.42,29354.739999999998,107359.28,66682.51285714286,62314.12266666666
2018-05-01,205259.84,1,5,1,18,2,2018,0,0,72639.27,14869.85,30894.64,72866.01714285715,61156.789
2018-05-02,118613.01000000001,2,5,2,18,2,2018,0,0,205259.84,15125.350000000002,75090.87000000001,100064.58714285714,66968.96233333334
2018-05-03,80263.43,3,5,3,18,2,2018,0,0,118613.01000000001,106545.8,284168.46,114848.53857142858,68419.70033333333
2018-05-04,52470.77,4,5,4,18,2,2018,0,0,80263.43,123505.04000000001,213252.93000000002,111093.91428571427,61622.866
2018-05-05,60780.4,5,5,5,18,2,2018,1,0,52470.77,65696.39,24742.35,100946.16142857142,56263.460666666666
2018-05-06,77971.33,6,5,6,18,2,2018,1,0,60780.4,111680.42,16507.25,100243.87714285715,57464.72900000001
2018-05-07,47393.42,0,5,7,19,2,2018,0,0,77971.33,72639.27,21804.86,95428.29285714286,59513.53166666666
2018-05-08,77476.97,1,5,8,19,2,2018,0,0,47393.42,205259.84,71718.12999999999,91821.74285714285,60366.48366666667
2018-05-09,69389.34,2,5,9,19,2,2018,0,0,77476.97,118613.01000000001,12645.07,73567.04714285715,60558.445
2018-05-10,10244.210000000001,3,5,10,19,2,2018,0,0,69389.34,80263.43,64209.80999999999,66535.09428571428,62449.920666666665
2018-05-11,82048.22,4,5,11,19,2,2018,0,0,10244.210000000001,52470.77,87290.87,56532.34857142857,60651.06733333333
2018-05-12,28327.35,5,5,12,19,2,2018,1,0,82048.22,60780.4,72181.77,60757.69857142858,60476.312333333335
2018-05-13,21070.309999999998,6,5,13,19,2,2018,1,0,28327.35,77971.33,66098.3,56121.548571428575,59014.49833333333
2018-05-14,27643.829999999998,0,5,14,20,2,2018,0,0,21070.309999999998,47393.42,7651.43,47992.83142857143,57513.56533333333
2018-05-15,56430.44,1,5,15,20,2,2018,0,0,27643.829999999998,77476.97,20435.96,45171.461428571434,58179.97866666667
2018-05-16,54275.42,2,5,16,20,2,2018,0,0,56430.44,69389.34,17538.34,42164.81428571428,59379.79466666667
2018-05-17,46604.17,3,5,17,20,2,2018,0,0,54275.42,10244.210000000001,18589.87,40005.68285714286,60604.363999999994
2018-05-18,61701.64000000001,4,5,18,20,2,2018,0,0,46604.17,82048.22,23218.600000000002,45199.962857142855,61538.174000000006
2018-05-19,29187.5,5,5,19,20,2,2018,1,0,61701.64000000001,28327.35,57722.92,42293.30857142857,62820.942
2018-05-20,4747.52,6,5,20,20,2,2018,1,0,29187.5,21070.309999999998,26746.690000000002,42416.18714285714,61869.761333333336
2018-05-21,67591.18000000001,0,5,21,21,2,2018,0,0,4747.52,27643.829999999998,31015.35,40084.36,61136.45566666667
2018-05-22,39241.13,1,5,22,21,2,2018,0,0,67591.18000000001,56430.44,51762.340000000004,45791.124285714286,62355.65
2018-05-23,115790.33,2,5,23,21,2,2018,0,0,39241.13,54275.42,29354.739999999998,43335.508571428574,61938.276333333335
2018-05-24,26908.719999999998,3,5,24,21,2,2018,0,0,115790.33,46604.17,14869.85,52123.35285714286,64819.462666666666
2018-05-25,56978.520000000004,4,5,25,21,2,2018,0,0,26908.719999999998,61701.64000000001,15125.350000000002,49309.717142857146,65220.75833333333
2018-05-26,17624.25,5,5,26,21,2,2018,1,0,56978.520000000004,29187.5,106545.8,48634.985714285714,66615.864
2018-05-27,46420.58,6,5,27,21,2,2018,1,0,17624.25,4747.52,123505.04000000001,46983.09285714286,63651.81233333333
2018-05-28,94639.26,0,5,28,22,2,2018,0,0,46420.58,67591.18000000001,65696.39,52936.387142857144,61082.33033333333
2018-05-29,60523.69,1,5,29,22,2,2018,0,0,94639.26,39241.13,111680.42,56800.39857142857,62047.09266666667
2018-05-30,98305.28,2,5,30,22,2,2018,0,0,60523.69,115790.33,72639.27,59840.76428571429,60341.86833333333
2018-05-31,48959.56,3,5,31,22,2,2018,0,1,98305.28,26908.719999999998,205259.84,57342.9,61197.402
2018-06-01,23983.559999999998,4,6,1,22,2,2018,0,0,48959.56,56978.520000000004,118613.01000000001,60493.020000000004,55987.39266666667
2018-06-02,280895.75,5,6,2,22,2,2018,1,0,23983.559999999998,17624.25,80263.43,55779.45428571429,52833.07766666667
2018-06-03,14135.27,6,6,3,22,2,2018,1,0,280895.75,46420.58,52470.77,93389.66857142856,59520.82166666667
2018-06-04,101675.56999999999,0,6,4,23,2,2018,0,0,14135.27,94639.26,60780.4,88777.48142857141,58242.97166666667
2018-06-05,25571.480000000003,1,6,5,23,2,2018,0,0,101675.56999999999,60523.69,77971.33,89782.66857142858,59606.14399999999
2018-06-06,38774.74,2,6,6,23,2,2018,0,0,25571.480000000003,98305.28,47393.42,84789.49571428572,57859.48233333333
2018-06-07,30240.21,3,6,7,23,2,2018,0,0,38774.74,48959.56,77476.97,76285.13285714285,57572.193
2018-06-08,74486.04,4,6,8,23,2,2018,0,0,30240.21,23983.559999999998,69389.34,73610.94,55997.634333333335
2018-06-09,71579.22,5,6,9,23,2,2018,1,0,74486.04,280895.75,10244.210000000001,80825.58,56167.524333333335
2018-06-10,74476.45999999999,6,6,10,23,2,2018,1,0,71579.22,14135.27,82048.22,50923.21857142857,58212.02466666667
2018-06-11,68726.94,0,6,11,24,2,2018,0,0,74476.45999999999,101675.56999999999,28327.35,59543.388571428564,57959.632666666665
2018-06-12,51691.29,1,6,12,24,2,2018,0,0,68726.94,25571.480000000003,21070.309999999998,54836.44142857143,59306.28566666667
2018-06-13,18258.71,2,6,13,24,2,2018,0,0,51691.29,38774.74,27643.829999999998,58567.84285714285,60326.985
2018-06-14,3166.1,3,6,14,24,2,2018,0,0,18258.71,30240.21,56430.44,55636.98142857143,60014.147666666664
2018-06-15,92118.78,4,6,15,24,2,2018,0,0,3166.1,74486.04,54275.42,51769.25142857142,58238.66966666667
2018-06-16,17933.71,5,6,16,24,2,2018,1,0,92118.78,71579.22,46604.17,54288.21428571428,59500.115000000005
2018-06-17,53602.119999999995,6,6,17,24,2,2018,1,0,17933.71,74476.45999999999,61701.64000000001,46624.57000000001,58544.433000000005
2018-06-18,28897.5,0,6,18,25,2,2018,0,0,53602.119999999995,68726.94,29187.5,43642.52142857143,58274.449
2018-06-19,41919.78,1,6,19,25,2,2018,0,0,28897.5,51691.29,4747.52,37952.601428571434,58264.78233333333
2018-06-20,95997.75,2,6,20,25,2,2018,0,0,41919.78,18258.71,67591.18000000001,36556.671428571426,59503.85766666666
2018-06-21,8170.71,3,6,21,25,2,2018,0,0,95997.75,3166.1,39241.13,47662.24857142857,60450.74333333333
2018-06-22,58804.020000000004,4,6,22,25,2,2018,0,0,8170.71,92118.78,115790.33,48377.192857142865,59415.062666666665
2018-06-23,74513.53,5,6,23,25,2,2018,1,0,58804.020000000004,17933.71,26908.719999999998,43617.94142857142,57515.519
2018-06-24,93235.83,6,6,24,25,2,2018,1,0,74513.53,53602.119999999995,56978.520000000004,51700.77285714285,59102.346000000005
2018-06-25,55335.43,0,6,25,26,2,2018,0,0,93235.83,28897.5,17624.25,57362.73142857143,60310.923
2018-06-26,66016.0,1,6,26,26,2,2018,0,0,55335.43,41919.78,46420.58,61139.57857142857,61567.96233333334
2018-06-27,41868.05,2,6,27,26,2,2018,0,0,66016.0,95997.75,94639.26,64581.89571428572,62221.143000000004
2018-06-28,53962.82,3,6,28,26,2,2018,0,0,41868.05,8170.71,60523.69,56849.08142857143,60462.102666666666
2018-06-29,57745.08,4,6,29,26,2,2018,0,0,53962.82,58804.020000000004,98305.28,63390.811428571425,60243.40700000001
2018-06-30,39548.94,5,6,30,26,2,2018,1,1,57745.08,74513.53,48959.56,63239.53428571429,58891.40033333333
2018-07-01,55118.990000000005,6,7,1,26,3,2018,1,0,39548.94,93235.83,23983.559999999998,58244.59285714286,58577.712999999996
2018-07-02,30379.18,0,7,2,27,3,2018,0,0,55118.990000000005,55335.43,280895.75,52799.33,59615.56066666667
2018-07-03,44929.63,1,7,3,27,3,2018,0,0,30379.18,66016.0,14135.27,49234.15142857143,51265.00833333333
2018-07-04,308985.30000000005,2,7,4,27,3,2018,0,0,44929.63,41868.05,101675.56999999999,46221.81285714286,52291.486999999994
2018-07-05,3388.6099999999997,3,7,5,27,3,2018,0,0,308985.30000000005,53962.82,25571.480000000003,84381.42000000001,59201.81133333334
2018-07-06,67680.68,4,7,6,27,3,2018,0,0,3388.6099999999997,57745.08,38774.74,77156.53285714285,58462.38233333334
2018-07-07,10595.55,5,7,7,27,3,2018,1,0,67680.68,39548.94,30240.21,78575.90428571429,59425.91366666667
2018-07-08,121503.05,6,7,8,27,3,2018,1,0,10595.55,55118.990000000005,74486.04,74439.70571428571,58771.09166666667
2018-07-09,9383.76,0,7,9,28,3,2018,0,0,121503.05,30379.18,71579.22,83923.14285714286,60338.325333333334
2018-07-10,13646.64,1,7,10,28,3,2018,0,0,9383.76,44929.63,74476.45999999999,80923.79714285713,58265.14333333333
2018-07-11,23869.7,2,7,11,28,3,2018,0,0,13646.64,308985.30000000005,68726.94,76454.79857142859,56237.48266666666
2018-07-12,20552.649999999998,3,7,12,28,3,2018,0,0,23869.7,3388.6099999999997,51691.29,35723.99857142857,54742.24133333333
2018-07-13,134785.63,4,7,13,28,3,2018,0,0,20552.649999999998,67680.68,18258.71,38176.00428571429,53704.28666666667
2018-07-14,43626.14,5,7,14,28,3,2018,1,0,134785.63,10595.55,3166.1,47762.42571428571,57588.51733333334
2018-07-15,104514.06999999999,6,7,15,28,3,2018,1,0,43626.14,121503.05,92118.78,52481.08142857143,58937.185333333335
2018-07-16,8837.4,0,7,16,29,3,2018,0,0,104514.06999999999,9383.76,17933.71,50054.08428571428,59350.36166666667
2018-07-17,22950.79,1,7,17,29,3,2018,0,0,8837.4,13646.64,53602.119999999995,49976.032857142854,59047.151333333335
2018-07-18,15316.0,2,7,18,29,3,2018,0,0,22950.79,23869.7,28897.5,51305.19714285714,58025.44033333333
2018-07-19,63233.14,3,7,19,29,3,2018,0,0,15316.0,20552.649999999998,41919.78,50083.24,57572.723666666665
2018-07-20,58882.3,4,7,20,29,3,2018,0,0,63233.14,134785.63,95997.75,56180.45285714285,58283.169
2018-07-21,16577.710000000003,5,7,21,29,3,2018,1,0,58882.3,43626.14,8170.71,45337.119999999995,57045.98733333334
2018-07-22,5116.7699999999995,6,7,22,29,3,2018,1,0,16577.710000000003,104514.06999999999,58804.020000000004,41473.05857142857,57326.22066666667
2018-07-23,22788.89,0,7,23,30,3,2018,0,0,5116.7699999999995,8837.4,74513.53,27273.44428571429,55536.64566666667
2018-07-24,77167.34,1,7,24,30,3,2018,0,0,22788.89,22950.79,93235.83,29266.514285714286,53812.491
2018-07-25,25072.260000000002,2,7,25,30,3,2018,0,0,77167.34,15316.0,55335.43,37011.735714285714,53276.87466666666
2018-07-26,139235.87,3,7,26,30,3,2018,0,0,25072.260000000002,63233.14,66016.0,38405.48714285714,52268.102333333336
2018-07-27,64759.630000000005,4,7,27,30,3,2018,0,0,139235.87,58882.3,41868.05,49263.020000000004,54708.76466666666
2018-07-28,31096.65,5,7,28,30,3,2018,1,0,64759.630000000005,16577.710000000003,53962.82,50102.638571428564,55471.81733333333
2018-07-29,27283.100000000002,6,7,29,30,3,2018,1,0,31096.65,5116.7699999999995,57745.08,52176.77285714285,54709.611666666664
2018-07-30,60092.49,0,7,30,31,3,2018,0,0,27283.100000000002,22788.89,39548.94,55343.391428571435,53694.21233333334
2018-07-31,74422.38,1,7,31,31,3,2018,0,1,60092.49,77167.34,55118.990000000005,60672.47714285715,54378.99733333334
2018-08-01,11083.11,2,8,1,31,3,2018,0,0,74422.38,25072.260000000002,30379.18,60280.340000000004,55022.44366666666
2018-08-02,83127.69,3,8,2,31,3,2018,0,0,11083.11,139235.87,44929.63,58281.89000000001,54379.24133333333
2018-08-03,82587.73999999999,4,8,3,31,3,2018,0,0,83127.69,64759.630000000005,308985.30000000005,50266.43571428571,55652.51
2018-08-04,18812.54,5,8,4,31,3,2018,1,0,82587.73999999999,31096.65,3388.6099999999997,52813.30857142858,48105.924666666666
2018-08-05,207792.94,6,8,5,31,3,2018,1,0,18812.54,27283.100000000002,67680.68,51058.43571428571,48620.05566666667
2018-08-06,100574.26,0,8,6,32,3,2018,0,0,207792.94,60092.49,10595.55,76845.55571428571,53290.46433333333
2018-08-07,5652.95,1,8,7,32,3,2018,0,0,100574.26,74422.38,121503.05,82628.66571428571,56289.75466666666
2018-08-08,20122.43,2,8,8,32,3,2018,0,0,5652.95,11083.11,9383.76,72804.46142857142,52428.08466666667
2018-08-09,30893.0,3,8,9,32,3,2018,0,0,20122.43,83127.69,13646.64,74095.79285714285,52786.04033333333
2018-08-10,79948.37,4,8,10,32,3,2018,0,0,30893.0,82587.73999999999,23869.7,66633.69428571429,53360.919
2018-08-11,11374.52,5,8,11,32,3,2018,1,0,79948.37,18812.54,20552.649999999998,66256.64142857143,55230.208
2018-08-12,4347.75,6,8,12,32,3,2018,1,0,11374.52,207792.94,134785.63,65194.067142857144,54924.27033333333
2018-08-13,73658.38,0,8,13,33,3,2018,0,0,4347.75,100574.26,43626.14,36130.46857142857,50576.341
2018-08-14,32205.37,1,8,14,33,3,2018,0,0,73658.38,5652.95,104514.06999999999,32285.34285714286,51577.41566666667
2018-08-15,49617.16,2,8,15,33,3,2018,0,0,32205.37,20122.43,8837.4,36078.54571428571,49167.12566666667
2018-08-16,75863.27,3,8,16,33,3,2018,0,0,49617.16,30893.0,22950.79,40292.07857142858,50526.451
2018-08-17,108620.01000000001,4,8,17,33,3,2018,0,0,75863.27,79948.37,15316.0,46716.40285714286,52290.20033333334
2018-08-18,11808.939999999999,5,8,18,33,3,2018,1,0,108620.01000000001,11374.52,63233.14,50812.351428571434,55400.33400000001
2018-08-19,32368.93,6,8,19,33,3,2018,1,0,11808.939999999999,4347.75,58882.3,50874.41142857143,53686.194
2018-08-20,14775.74,0,8,20,34,3,2018,0,0,32368.93,73658.38,16577.710000000003,54877.43714285714,52802.415
2018-08-21,41423.35,1,8,21,34,3,2018,0,0,14775.74,32205.37,5116.7699999999995,46465.631428571425,52742.34933333333
2018-08-22,36613.95,2,8,22,34,3,2018,0,0,41423.35,49617.16,22788.89,47782.485714285714,53952.568666666666
2018-08-23,5264.360000000001,3,8,23,34,3,2018,0,0,36613.95,75863.27,77167.34,45924.88428571429,54413.404
2018-08-24,3510.55,4,8,24,34,3,2018,0,0,5264.360000000001,108620.01000000001,25072.260000000002,35839.32571428572,52016.638
2018-08-25,5949.5199999999995,5,8,25,34,3,2018,1,0,3510.55,11808.939999999999,139235.87,20823.68857142857,51297.914333333334
2018-08-26,47602.06,6,8,26,34,3,2018,1,0,5949.5199999999995,32368.93,64759.630000000005,19986.628571428573,46855.036
2018-08-27,23707.37,0,8,27,35,3,2018,0,0,47602.06,14775.74,31096.65,22162.79,46283.117
2018-08-28,52666.22,1,8,28,35,3,2018,0,0,23707.37,41423.35,27283.100000000002,23438.737142857142,46036.80766666667
2018-08-29,40027.3,2,8,29,35,3,2018,0,0,52666.22,36613.95,60092.49,25044.86142857143,46882.91166666667
2018-08-30,115130.08,3,8,30,35,3,2018,0,0,40027.3,5264.360000000001,74422.38,25532.48285714286,46214.072
2018-08-31,72822.54000000001,4,8,31,35,3,2018,0,1,115130.08,3510.55,11083.11,41227.58571428571,47570.99533333334
2018-09-01,236406.74,5,9,1,35,3,2018,1,0,72822.54000000001,5949.5199999999995,83127.69,51129.298571428575,49628.97633333333
2018-09-02,86221.75,6,9,2,35,3,2018,1,0,236406.74,47602.06,82587.73999999999,84051.75857142858,54738.278000000006
2018-09-03,21063.78,0,9,3,36,3,2018,0,0,86221.75,23707.37,18812.54,89568.85714285714,54859.41166666667
2018-09-04,20957.91,1,9,4,36,3,2018,0,0,21063.78,52666.22,207792.94,89191.20142857141,54934.453
2018-09-05,41654.56,2,9,5,36,3,2018,0,0,20957.91,40027.3,100574.26,84661.44285714286,48706.61866666667
2018-09-06,68301.28,3,9,6,36,3,2018,0,0,41654.56,115130.08,5652.95,84893.90857142859,46742.62866666667
2018-09-07,12642.310000000001,4,9,7,36,3,2018,0,0,68301.28,72822.54000000001,20122.43,78204.07999999999,48830.90633333333
2018-09-08,6782.710000000001,5,9,8,36,3,2018,1,0,12642.310000000001,236406.74,30893.0,69606.90428571429,48581.569
2018-09-09,6006.570000000001,6,9,9,36,3,2018,1,0,6782.710000000001,86221.75,79948.37,36803.47142857143,47777.89266666667
2018-09-10,10424.58,0,9,10,37,3,2018,0,0,6006.570000000001,21063.78,11374.52,25344.16,45313.166000000005
2018-09-11,13695.87,1,9,11,37,3,2018,0,0,10424.58,20957.91,4347.75,23824.274285714288,45281.50133333333
2018-09-12,46734.67,2,9,12,37,3,2018,0,0,13695.87,41654.56,73658.38,22786.84,45593.10533333334
2018-09-13,72699.07,3,9,13,37,3,2018,0,0,46734.67,68301.28,32205.37,23512.57,44695.64833333333
2018-09-14,71348.92,4,9,14,37,3,2018,0,0,72699.07,12642.310000000001,49617.16,24140.825714285715,46045.43833333334
2018-09-15,66163.39,5,9,15,37,3,2018,1,0,71348.92,6782.710000000001,75863.27,32527.484285714287,46769.83033333333
2018-09-16,80088.04000000001,6,9,16,37,3,2018,1,0,66163.39,6006.570000000001,108620.01000000001,41010.438571428575,46446.501
2018-09-17,14807.57,0,9,17,38,3,2018,0,0,80088.04000000001,10424.58,11808.939999999999,51593.50571428572,45495.43533333333
2018-09-18,20599.69,1,9,18,38,3,2018,0,0,14807.57,13695.87,32368.93,52219.64714285714,45595.38966666666
2018-09-19,20131.72,2,9,19,38,3,2018,0,0,20599.69,46734.67,14775.74,53205.90714285714,45203.081666666665
2018-09-20,17224.55,3,9,20,38,3,2018,0,0,20131.72,72699.07,41423.35,49405.485714285714,45381.61433333333
2018-09-21,34377.91,4,9,21,38,3,2018,0,0,17224.55,71348.92,36613.95,41480.55428571429,44574.98766666666
2018-09-22,19162.14,5,9,22,38,3,2018,1,0,34377.91,66163.39,5264.360000000001,36198.98142857143,44500.453
2018-09-23,29306.12,6,9,23,38,3,2018,1,0,19162.14,80088.04000000001,3510.55,29484.51714285714,44963.71233333334
2018-09-24,105663.79999999999,0,9,24,39,3,2018,0,0,29306.12,14807.57,5949.5199999999995,22229.957142857143,45823.56466666667
2018-09-25,20036.67,1,9,25,39,3,2018,0,0,105663.79999999999,20599.69,47602.06,35209.41857142857,49147.373999999996
2018-09-26,61288.95,2,9,26,39,3,2018,0,0,20036.67,20131.72,23707.37,35128.98714285714,48228.52766666667
2018-09-27,39725.57,3,9,27,39,3,2018,0,0,61288.95,17224.55,52666.22,41008.591428571424,49481.247
2018-09-28,140191.63999999998,4,9,28,39,3,2018,0,0,39725.57,34377.91,40027.3,44223.02285714285,49049.892
2018-09-29,87697.93000000001,5,9,29,39,3,2018,1,0,140191.63999999998,19162.14,115130.08,59339.270000000004,52388.70333333334
2018-09-30,55332.520000000004,6,9,30,39,3,2018,1,1,87697.93000000001,29306.12,72822.54000000001,69130.09714285714,51474.29833333333
2018-10-01,53940.99,0,10,1,40,4,2018,0,0,55332.520000000004,105663.79999999999,236406.74,72848.15428571428,50891.297666666665
2018-10-02,23902.65,1,10,2,40,4,2018,0,0,53940.99,20036.67,86221.75,65459.18142857143,44809.106
2018-10-03,38619.19,2,10,3,40,4,2018,0,0,23902.65,61288.95,21063.78,66011.46428571428,42731.80266666667
2018-10-04,84017.15,3,10,4,40,4,2018,0,0,38619.19,39725.57,20957.91,62772.927142857145,43316.983
2018-10-05,74059.76,4,10,5,40,4,2018,0,0,84017.15,140191.63999999998,41654.56,69100.29571428572,45418.95766666667
2018-10-06,7274.17,5,10,6,40,4,2018,1,0,74059.76,87697.93000000001,68301.28,59652.884285714295,46499.131
2018-10-07,8622.49,6,10,7,40,4,2018,1,0,7274.17,55332.520000000004,12642.310000000001,48163.775714285715,44464.89399999999
2018-10-08,27908.2,0,10,8,41,4,2018,0,0,8622.49,53940.99,6782.710000000001,41490.91428571429,44330.899999999994
2018-10-09,16514.25,1,10,9,41,4,2018,0,0,27908.2,23902.65,6006.570000000001,37771.944285714286,45035.083
2018-10-10,9023.91,2,10,10,41,4,2018,0,0,16514.25,38619.19,10424.58,36716.458571428564,45385.339
2018-10-11,51952.58,3,10,11,41,4,2018,0,0,9023.91,84017.15,13695.87,32488.561428571422,45338.65
2018-10-12,112766.47,4,10,12,41,4,2018,0,0,51952.58,74059.76,46734.67,27907.90857142857,46613.87366666667
2018-10-13,103843.72,5,10,13,41,4,2018,1,0,112766.47,7274.17,72699.07,33437.438571428575,48814.933666666664
2018-10-14,9424.349999999999,6,10,14,41,4,2018,1,0,103843.72,8622.49,71348.92,47233.08857142857,49853.08866666666
2018-10-15,14770.09,0,10,15,42,4,2018,0,0,9424.349999999999,27908.2,66163.39,47347.64,47788.93633333334
2018-10-16,14414.26,1,10,16,42,4,2018,0,0,14770.09,16514.25,80088.04000000001,45470.76714285714,46075.82633333334
2018-10-17,28881.100000000002,2,10,17,42,4,2018,0,0,14414.26,9023.91,14807.57,45170.76857142857,43886.700333333334
2018-10-18,21165.62,3,10,18,42,4,2018,0,0,28881.100000000002,51952.58,20599.69,48007.51,44355.818
2018-10-19,101837.78,4,10,19,42,4,2018,0,0,21165.62,112766.47,20131.72,43609.37285714286,44374.68233333333
2018-10-20,12199.62,5,10,20,42,4,2018,1,0,101837.78,103843.72,17224.55,42048.131428571425,47098.21766666667
2018-10-21,11128.11,6,10,21,42,4,2018,1,0,12199.62,9424.349999999999,34377.91,28956.117142857143,46930.72
2018-10-22,55331.799999999996,0,10,22,43,4,2018,0,0,11128.11,14770.09,19162.14,29199.511428571426,46155.72666666666
2018-10-23,59896.59,1,10,23,43,4,2018,0,0,55331.799999999996,14414.26,29306.12,34994.04142857143,47361.382
2018-10-24,28301.84,2,10,24,43,4,2018,0,0,59896.59,28881.100000000002,105663.79999999999,41491.51714285714,48381.06433333333
2018-10-25,26493.67,3,10,25,43,4,2018,0,0,28301.84,21165.62,20036.67,41408.76571428571,45802.33233333333
2018-10-26,54477.17999999999,4,10,26,43,4,2018,0,0,26493.67,101837.78,61288.95,42169.91571428572,46017.56566666667
2018-10-27,7765.45,5,10,27,43,4,2018,1,0,54477.17999999999,12199.62,39725.57,35404.11571428571,45790.50666666667
2018-10-28,45008.72,6,10,28,43,4,2018,1,0,7765.45,11128.11,140191.63999999998,34770.66285714285,44725.16933333333
2018-10-29,13603.42,0,10,29,44,4,2018,0,0,45008.72,55331.799999999996,87697.93000000001,39610.75,41552.40533333333
2018-10-30,78172.06999999999,1,10,30,44,4,2018,0,0,13603.42,59896.59,55332.520000000004,33649.55285714286,39082.58833333334
2018-10-31,83838.61,2,10,31,44,4,2018,0,1,78172.06999999999,28301.84,53940.99,36260.33571428571,39843.90666666666
2018-11-01,100843.55,3,11,1,44,4,2018,0,0,83838.61,26493.67,23902.65,44194.159999999996,40840.494
2018-11-02,34254.3,4,11,2,44,4,2018,0,0,100843.55,54477.17999999999,38619.19,54815.57142857143,43405.19066666667
2018-11-03,30998.859999999997,5,11,3,44,4,2018,1,0,34254.3,7765.45,84017.15,51926.58857142857,43259.694333333326
2018-11-04,19708.01,6,11,4,44,4,2018,1,0,30998.859999999997,45008.72,74059.76,55245.64714285714,41492.418
2018-11-05,339903.13,0,11,5,45,4,2018,0,0,19708.01,13603.42,7274.17,51631.26,39680.693
2018-11-06,20240.67,1,11,6,45,4,2018,0,0,339903.13,78172.06999999999,8622.49,98245.50428571428,50768.325
2018-11-07,86720.49,2,11,7,45,4,2018,0,0,20240.67,83838.61,27908.2,89969.59,51155.597666666676
2018-11-08,23330.41,3,11,8,45,4,2018,0,0,86720.49,100843.55,16514.25,90381.28714285714,53116.007333333335
2018-11-09,179284.77,4,11,9,45,4,2018,0,0,23330.41,34254.3,9023.91,79307.98142857142,53343.212666666666
2018-11-10,29669.739999999998,5,11,10,45,4,2018,1,0,179284.77,30998.859999999997,51952.58,100026.62,59018.57466666667
2018-11-11,88372.58,6,11,11,45,4,2018,1,0,29669.739999999998,19708.01,112766.47,99836.74571428572,58275.81333333333
2018-11-12,25195.68,0,11,12,46,4,2018,0,0,88372.58,339903.13,103843.72,109645.97,57462.683666666664
2018-11-13,20217.05,1,11,13,46,4,2018,0,0,25195.68,20240.67,9424.349999999999,64687.76285714286,54841.08233333333
2018-11-14,17557.6,2,11,14,46,4,2018,0,0,20217.05,86720.49,14770.09,64684.38857142858,55200.839
2018-11-15,18402.46,3,11,15,46,4,2018,0,0,17557.6,23330.41,14414.26,54803.975714285705,55293.75600000001
2018-11-16,13627.44,4,11,16,46,4,2018,0,0,18402.46,179284.77,28881.100000000002,54099.98285714286,55426.696
2018-11-17,16788.38,5,11,17,46,4,2018,1,0,13627.44,29669.739999999998,21165.62,30434.65,54918.240666666665
2018-11-18,46746.44,6,11,18,46,4,2018,1,0,16788.38,88372.58,101837.78,28594.455714285716,54772.33266666667
2018-11-19,19645.59,0,11,19,47,4,2018,0,0,46746.44,25195.68,12199.62,22647.864285714284,52935.95466666667
2018-11-20,13225.36,1,11,20,47,4,2018,0,0,19645.59,20217.05,11128.11,21854.99428571429,53184.153666666665
2018-11-21,34785.75,2,11,21,47,4,2018,0,0,13225.36,17557.6,55331.799999999996,20856.181428571428,53254.062000000005
2018-11-22,4994.02,3,11,22,47,4,2018,0,0,34785.75,18402.46,59896.59,23317.34571428571,52569.193666666666
2018-11-23,80873.78,4,11,23,47,4,2018,0,0,4994.02,13627.44,28301.84,21401.854285714286,50739.108
2018-11-24,32207.8,5,11,24,47,4,2018,1,0,80873.78,16788.38,26493.67,31008.47428571429,52491.50600000001
2018-11-25,11064.310000000001,6,11,25,47,4,2018,1,0,32207.8,46746.44,54477.17999999999,33211.24857142857,52681.97699999999
2018-11-26,54690.549999999996,0,11,26,48,4,2018,0,0,11064.310000000001,19645.59,7765.45,28113.801428571427,51234.88133333333
2018-11-27,55388.24,1,11,27,48,4,2018,0,0,54690.549999999996,13225.36,45008.72,33120.224285714285,52799.05133333334
2018-11-28,64272.770000000004,2,11,28,48,4,2018,0,0,55388.24,34785.75,13603.42,39143.49285714285,53145.03533333333
2018-11-29,54881.189999999995,3,11,29,48,4,2018,0,0,64272.770000000004,4994.02,78172.06999999999,43355.92428571428,54834.013666666666
2018-11-30,20793.71,4,11,30,48,4,2018,0,1,54881.189999999995,80873.78,83838.61,50482.66285714286,54057.651
2018-12-01,190986.99,5,12,1,48,4,2018,1,0,20793.71,32207.8,100843.55,41899.79571428571,51956.15433333333
2018-12-02,54105.920000000006,6,12,2,48,4,2018,1,0,190986.99,11064.310000000001,34254.3,64582.537142857145,54960.935666666664
2018-12-03,31403.45,0,12,3,49,4,2018,0,0,54105.920000000006,54690.549999999996,30998.859999999997,70731.33857142857,55622.65633333334
2018-12-04,339758.43,1,12,4,49,4,2018,0,0,31403.45,55388.24,19708.01,67404.61,55636.14266666667
2018-12-05,89145.67,2,12,5,49,4,2018,0,0,339758.43,64272.770000000004,339903.13,108028.92285714285,66304.49
2018-12-06,61328.53,3,12,6,49,4,2018,0,0,89145.67,54881.189999999995,20240.67,111582.19428571429,57945.908
2018-12-07,56401.91,4,12,7,49,4,2018,0,0,61328.53,20793.71,86720.49,112503.24285714285,59315.50333333333
2018-12-08,42566.44,5,12,8,49,4,2018,1,0,56401.91,190986.99,23330.41,117590.12857142858,58304.884
2018-12-09,14870.859999999999,6,12,9,49,4,2018,1,0,42566.44,54105.920000000006,179284.77,96387.19285714286,58946.085
2018-12-10,30263.85,0,12,10,50,4,2018,0,0,14870.859999999999,31403.45,29669.739999999998,90782.18428571428,53465.621333333336
2018-12-11,13228.699999999999,1,12,11,50,4,2018,0,0,30263.85,339758.43,88372.58,90619.38428571427,53485.425
2018-12-12,29722.05,2,12,12,50,4,2018,0,0,13228.699999999999,89145.67,25195.68,43972.280000000006,50980.62899999999
2018-12-13,25653.2,3,12,13,50,4,2018,0,0,29722.05,61328.53,20217.05,35483.19142857143,51131.508
2018-12-14,44461.92,4,12,14,50,4,2018,0,0,25653.2,56401.91,17557.6,30386.71571428571,51312.712999999996
2018-12-15,39768.77,5,12,15,50,4,2018,1,0,44461.92,42566.44,18402.46,28681.002857142856,52209.52366666667
2018-12-16,171339.63999999998,6,12,16,50,4,2018,1,0,39768.77,14870.859999999999,13627.44,28281.335714285717,52921.734000000004
2018-12-17,66877.86,0,12,17,51,4,2018,0,0,171339.63999999998,30263.85,16788.38,50634.01857142857,58178.80733333333
2018-12-18,17835.13,1,12,18,51,4,2018,0,0,66877.86,13228.699999999999,46746.44,55864.59142857143,59848.45666666667
2018-12-19,54607.619999999995,2,12,19,51,4,2018,0,0,17835.13,29722.05,19645.59,56522.65285714286,58884.74633333333
2018-12-20,11696.69,3,12,20,51,4,2018,0,0,54607.619999999995,25653.2,13225.36,60077.73428571429,60050.14733333334
2018-12-21,48212.15,4,12,21,51,4,2018,0,0,11696.69,44461.92,34785.75,58083.94714285714,59999.191666666666
2018-12-22,108414.83,5,12,22,51,4,2018,1,0,48212.15,39768.77,4994.02,58619.69428571428,60446.73833333333
2018-12-23,9190.03,6,12,23,51,4,2018,1,0,108414.83,171339.63999999998,80873.78,68426.27428571429,63894.098666666665
2018-12-24,26539.64,0,12,24,52,4,2018,0,0,9190.03,66877.86,32207.8,45262.04428571429,61504.64033333333
2018-12-25,14456.0,1,12,25,52,4,2018,0,0,26539.64,17835.13,11064.310000000001,39499.44142857142,61315.70166666667
2018-12-26,33441.58,2,12,26,52,4,2018,0,0,14456.0,54607.619999999995,54690.549999999996,39016.70857142857,61428.758
2018-12-27,39512.6,3,12,27,52,4,2018,0,0,33441.58,11696.69,55388.24,35992.98857142857,60720.459
2018-12-28,46531.44,4,12,28,52,4,2018,0,0,39512.6,48212.15,64272.770000000004,39966.69,60191.27099999999
2018-12-29,78103.43000000001,5,12,29,52,4,2018,1,0,46531.44,108414.83,54881.189999999995,39726.58857142857,59599.89333333333
2018-12-30,71375.48,6,12,30,52,4,2018,1,0,78103.43000000001,9190.03,20793.71,35396.38857142857,60373.968
2018-12-31,38689.72,0,12,31,1,4,2018,0,1,71375.48,26539.64,190986.99,44280.02428571428,62060.027
2019-01-01,4845.87,1,1,1,1,1,2019,0,0,38689.72,14456.0,54105.920000000006,46015.75,56983.45133333334
2019-01-02,68223.21,2,1,2,1,1,2019,0,0,4845.87,33441.58,31403.45,44642.874285714286,55341.44966666667
2019-01-03,241757.04,3,1,3,1,1,2019,0,0,68223.21,39512.6,339758.43,49611.67857142857,56568.775
2019-01-04,229582.93,4,1,4,1,1,2019,0,0,241757.04,46531.44,89145.67,78503.74142857142,53302.062000000005
2019-01-05,262439.57,5,1,5,1,1,2019,1,0,229582.93,78103.43000000001,61328.53,104653.95428571428,57983.304
2019-01-06,19677.3,6,1,6,1,1,2019,1,0,262439.57,71375.48,56401.91,130987.68857142857,64687.00533333334
2019-01-07,11174.24,0,1,7,2,1,2019,0,0,19677.3,38689.72,42566.44,123602.2342857143,63462.85166666667
2019-01-08,48702.119999999995,1,1,8,2,1,2019,0,0,11174.24,4845.87,14870.859999999999,119671.45142857144,62416.445
2019-01-09,20094.2,2,1,9,2,1,2019,0,0,48702.119999999995,68223.21,30263.85,125936.63,63544.153666666665
2019-01-10,12346.769999999999,3,1,10,2,1,2019,0,0,20094.2,241757.04,13228.699999999999,119061.05714285714,63205.16533333333
2019-01-11,46341.77,4,1,11,2,1,2019,0,0,12346.769999999999,229582.93,29722.05,86288.16142857143,63175.76766666667
2019-01-12,22942.86,5,1,12,2,1,2019,1,0,46341.77,262439.57,25653.2,60110.852857142854,63729.75833333333
2019-01-13,29084.07,6,1,13,2,1,2019,1,0,22942.86,19677.3,44461.92,25897.037142857145,63639.413666666675
2019-01-14,84865.17,0,1,14,3,1,2019,0,0,29084.07,11174.24,39768.77,27240.86142857143,63126.81866666666
2019-01-15,89728.26000000001,1,1,15,3,1,2019,0,0,84865.17,48702.119999999995,171339.63999999998,37768.13714285714,64630.032
2019-01-16,21656.07,2,1,16,3,1,2019,0,0,89728.26000000001,20094.2,66877.86,43629.014285714286,61909.65266666667
2019-01-17,12181.400000000001,3,1,17,3,1,2019,0,0,21656.07,12346.769999999999,17835.13,43852.138571428564,60402.25966666666
2019-01-18,75042.34,4,1,18,3,1,2019,0,0,12181.400000000001,46341.77,54607.619999999995,43828.51428571429,60213.802
2019-01-19,16539.08,5,1,19,3,1,2019,1,0,75042.34,22942.86,11696.69,47928.59571428572,60894.959333333325
2019-01-20,11493.66,6,1,20,3,1,2019,1,0,16539.08,29084.07,48212.15,47013.770000000004,61056.37233333333
2019-01-21,13395.27,0,1,21,4,1,2019,0,0,11493.66,84865.17,108414.83,44500.85428571429,59832.42266666667
2019-01-22,24648.35,1,1,22,4,1,2019,0,0,13395.27,89728.26000000001,9190.03,34290.868571428575,56665.104
2019-01-23,8580.39,2,1,23,4,1,2019,0,0,24648.35,21656.07,26539.64,24993.73857142857,57180.38133333333
2019-01-24,35446.82,3,1,24,4,1,2019,0,0,8580.39,12181.400000000001,14456.0,23125.784285714286,56581.73966666667
2019-01-25,17094.989999999998,4,1,25,4,1,2019,0,0,35446.82,75042.34,33441.58,26449.415714285715,57281.433666666664
2019-01-26,28507.92,5,1,26,4,1,2019,1,0,17094.989999999998,16539.08,39512.6,18171.222857142857,56736.54733333333
2019-01-27,91728.97,6,1,27,4,1,2019,1,0,28507.92,11493.66,46531.44,19881.057142857142,56369.724666666676
2019-01-28,23990.54,0,1,28,5,1,2019,0,0,91728.97,13395.27,78103.43000000001,31343.244285714285,57876.309
2019-01-29,38849.42,1,1,29,5,1,2019,0,0,23990.54,24648.35,71375.48,32856.85428571429,56072.546
2019-01-30,62231.25,2,1,30,5,1,2019,0,0,38849.42,8580.39,38689.72,34885.57857142857,54988.344000000005
2019-01-31,56375.67,3,1,31,5,1,2019,0,1,62231.25,35446.82,4845.87,42549.98714285714,55773.06166666667
2019-02-01,81741.82,4,2,1,5,1,2019,0,0,56375.67,17094.989999999998,68223.21,45539.82285714285,57490.721666666665
2019-02-02,8875.66,5,2,2,5,1,2019,1,0,81741.82,28507.92,241757.04,54775.08428571428,57941.342
2019-02-03,214109.12,6,2,3,5,1,2019,1,0,8875.66,91728.97,229582.93,51970.47571428572,50178.62933333333
2019-02-04,63049.0,0,2,4,6,1,2019,0,0,214109.12,23990.54,262439.57,69453.35428571429,49662.835666666666
2019-02-05,252298.75,1,2,5,6,1,2019,0,0,63049.0,38849.42,19677.3,75033.13428571427,43016.48333333333
2019-02-06,6972.54,2,2,6,6,1,2019,0,0,252298.75,62231.25,11174.24,105525.89571428571,50770.53166666666
2019-02-07,9144.75,3,2,7,6,1,2019,0,0,6972.54,56375.67,48702.119999999995,97631.79428571429,50630.475
2019-02-08,40561.08,4,2,8,6,1,2019,0,0,9144.75,81741.82,20094.2,90884.52,49311.896
2019-02-09,22059.379999999997,5,2,9,6,1,2019,1,0,40561.08,8875.66,12346.769999999999,85001.55714285714,49994.12533333334
2019-02-10,6670.389999999999,6,2,10,6,1,2019,1,0,22059.379999999997,214109.12,46341.77,86884.94571428571,50317.879
2019-02-11,11857.95,0,2,11,7,1,2019,0,0,6670.389999999999,63049.0,22942.86,57250.84142857143,48995.49966666666
2019-02-12,82176.79,1,2,12,7,1,2019,0,0,11857.95,252298.75,29084.07,49937.83428571429,48626.00266666666
2019-02-13,3491.1900000000005,2,2,13,7,1,2019,0,0,82176.79,6972.54,84865.17,25634.697142857145,50395.76
2019-02-14,28199.39,3,2,14,7,1,2019,0,0,3491.1900000000005,9144.75,89728.26000000001,25137.361428571425,47683.293999999994
2019-02-15,65331.83,4,2,15,7,1,2019,0,0,28199.39,40561.08,21656.07,27859.452857142856,45632.331666666665
2019-02-16,22647.13,5,2,16,7,1,2019,1,0,65331.83,22059.379999999997,12181.400000000001,31398.131428571425,47088.19033333334
2019-02-17,23951.94,6,2,17,7,1,2019,1,0,22647.13,6670.389999999999,75042.34,31482.09571428571,47437.047999999995
2019-02-18,9729.07,0,2,18,8,1,2019,0,0,23951.94,11857.95,16539.08,33950.888571428564,45734.03466666667
2019-02-19,61646.95,1,2,19,8,1,2019,0,0,9729.07,82176.79,11493.66,33646.76285714286,45507.03433333334
2019-02-20,19758.03,2,2,20,8,1,2019,0,0,61646.95,3491.1900000000005,13395.27,30713.928571428572,47178.810666666664
2019-02-21,14421.480000000001,3,2,21,8,1,2019,0,0,19758.03,28199.39,24648.35,33037.76285714286,47390.90266666667
2019-02-22,62932.43,4,2,22,8,1,2019,0,0,14421.480000000001,65331.83,8580.39,31069.489999999998,47050.007
2019-02-23,17746.55,5,2,23,8,1,2019,1,0,62932.43,22647.13,35446.82,30726.718571428566,48861.74166666666
2019-02-24,49682.509999999995,6,2,24,8,1,2019,1,0,17746.55,23951.94,17094.989999999998,30026.635714285716,48271.73266666666
2019-02-25,70625.62,0,2,25,9,1,2019,0,0,49682.509999999995,9729.07,28507.92,33702.43142857143,49357.98333333333
2019-02-26,85366.81,1,2,26,9,1,2019,0,0,70625.62,61646.95,91728.97,42401.938571428575,50761.90666666666
2019-02-27,44223.36,2,2,27,9,1,2019,0,0,85366.81,19758.03,23990.54,45790.49,50549.83466666666
2019-02-28,92637.0,3,2,28,9,1,2019,0,1,44223.36,14421.480000000001,38849.42,49285.537142857145,51224.261999999995
2019-03-01,58067.92,4,3,1,9,1,2019,0,0,92637.0,62932.43,62231.25,60459.182857142856,53017.181333333334
2019-03-02,50131.520000000004,5,3,2,9,1,2019,1,0,58067.92,17746.55,56375.67,59764.25285714285,52878.403666666665
2019-03-03,151256.56999999998,6,3,3,9,1,2019,1,0,50131.520000000004,49682.509999999995,81741.82,64390.677142857145,52670.26533333333
2019-03-04,32742.519999999997,0,3,4,10,1,2019,0,0,151256.56999999998,70625.62,8875.66,78901.25714285714,54987.42366666666
2019-03-05,141390.66,1,3,5,10,1,2019,0,0,32742.519999999997,85366.81,214109.12,73489.3857142857,55782.98566666667
2019-03-06,62707.38,2,3,6,10,1,2019,0,0,141390.66,44223.36,63049.0,81492.79285714285,53359.037
2019-03-07,38349.2,3,3,7,10,1,2019,0,0,62707.38,92637.0,252298.75,84133.36714285714,53347.649666666664
2019-03-08,35838.17,4,3,8,10,1,2019,0,0,38349.2,58067.92,6972.54,76377.96714285715,46215.998
2019-03-09,45446.75,5,3,9,10,1,2019,1,0,35838.17,50131.520000000004,9144.75,73202.28857142857,47178.185666666664
2019-03-10,49539.34,6,3,10,10,1,2019,1,0,45446.75,151256.56999999998,40561.08,72533.03571428571,48388.25233333333
2019-03-11,5326.99,0,3,11,11,1,2019,0,0,49539.34,32742.519999999997,22059.379999999997,58002.00285714285,48687.52766666667
2019-03-12,34641.28,1,3,12,11,1,2019,0,0,5326.99,141390.66,6670.389999999999,54085.49857142857,48129.78133333333
2019-03-13,60164.840000000004,2,3,13,11,1,2019,0,0,34641.28,62707.38,11857.95,38835.58714285714,49062.14433333334
2019-03-14,111088.09,3,3,14,11,1,2019,0,0,60164.840000000004,38349.2,82176.79,38472.36714285715,50672.373999999996
2019-03-15,66885.58,4,3,15,11,1,2019,0,0,111088.09,35838.17,3491.1900000000005,48863.63714285714,51636.084
2019-03-16,25833.739999999998,5,3,16,11,1,2019,1,0,66885.58,45446.75,28199.39,53298.98142857143,53749.23033333334
2019-03-17,12909.54,6,3,17,11,1,2019,1,0,25833.739999999998,49539.34,65331.83,50497.12285714286,53670.37533333334
2019-03-18,17796.69,0,3,18,12,1,2019,0,0,12909.54,5326.99,22647.13,45264.294285714284,51922.965666666656
2019-03-19,107731.46,1,3,19,12,1,2019,0,0,17796.69,34641.28,23951.94,47045.68,51761.28433333334
2019-03-20,36597.15,2,3,20,12,1,2019,0,0,107731.46,60164.840000000004,9729.07,57487.13428571428,54553.935000000005
2019-03-21,67376.74,3,3,21,12,1,2019,0,0,36597.15,111088.09,61646.95,54120.32142857143,55449.53766666666
2019-03-22,24299.47,4,3,22,12,1,2019,0,0,67376.74,66885.58,19758.03,47875.84285714286,55640.530666666666
2019-03-23,26998.2,5,3,23,12,1,2019,1,0,24299.47,25833.739999999998,14421.480000000001,41792.11285714286,55791.912
2019-03-24,25033.64,6,3,24,12,1,2019,1,0,26998.2,12909.54,62932.43,41958.4642857143,56211.136000000006
2019-03-25,69011.12,0,3,25,13,1,2019,0,0,25033.64,17796.69,17746.55,43690.478571428575,54947.843
2019-03-26,18465.99,1,3,26,13,1,2019,0,0,69011.12,107731.46,49682.509999999995,51006.82571428572,56656.662000000004
2019-03-27,13018.65,2,3,27,13,1,2019,0,0,18465.99,36597.15,70625.62,38254.61571428571,55616.111333333334
2019-03-28,33399.19,3,3,28,13,1,2019,0,0,13018.65,67376.74,85366.81,34886.258571428574,53695.87899999999
2019-03-29,84025.3,4,3,29,13,1,2019,0,0,33399.19,24299.47,44223.36,30032.32285714286,51963.625
2019-03-30,22264.809999999998,5,3,30,13,1,2019,1,0,84025.3,26998.2,92637.0,38564.58428571428,53290.35633333333
2019-03-31,89522.04,6,3,31,13,1,2019,1,1,22264.809999999998,25033.64,58067.92,37888.38571428571,50944.61666666667
2019-04-01,119145.49,0,4,1,14,2,2019,0,0,89522.04,69011.12,50131.520000000004,47101.014285714286,51993.08733333334
2019-04-02,82409.23,1,4,2,14,2,2019,0,0,119145.49,18465.99,151256.56999999998,54263.06714285714,54293.553
2019-04-03,297573.71,2,4,3,14,2,2019,0,0,82409.23,13018.65,32742.519999999997,63397.815714285716,51998.64166666667
2019-04-04,16815.57,3,4,4,14,2,2019,0,0,297573.71,33399.19,141390.66,104048.53857142858,60826.348
2019-04-05,25003.42,4,4,5,14,2,2019,0,0,16815.57,84025.3,62707.38,101679.45,56673.845
2019-04-06,35302.11,5,4,6,14,2,2019,1,0,25003.42,22264.809999999998,38349.2,93247.75285714286,55417.04633333333
2019-04-07,17204.35,6,4,7,14,2,2019,1,0,35302.11,89522.04,35838.17,95110.22428571428,55315.47666666667
2019-04-08,28983.68,0,4,8,15,2,2019,0,0,17204.35,119145.49,45446.75,84779.12571428572,54694.34933333333
2019-04-09,6626.13,1,4,9,15,2,2019,0,0,28983.68,82409.23,49539.34,71898.86714285715,54145.58033333333
2019-04-10,55746.350000000006,2,4,10,15,2,2019,0,0,6626.13,297573.71,5326.99,61072.71000000001,52715.14
2019-04-11,47721.05,3,4,11,15,2,2019,0,0,55746.350000000006,16815.57,34641.28,26525.944285714282,54395.78533333333
2019-04-12,63996.74,4,4,12,15,2,2019,0,0,47721.05,25003.42,60164.840000000004,30941.012857142858,54831.77766666666
2019-04-13,35130.47,5,4,13,15,2,2019,1,0,63996.74,35302.11,111088.09,36511.48714285714,54959.507666666665
2019-04-14,25795.59,6,4,14,15,2,2019,1,0,35130.47,17204.35,66885.58,36486.96714285714,52427.58700000001
2019-04-15,25888.59,0,4,15,16,2,2019,0,0,25795.59,28983.68,25833.739999999998,37714.287142857145,51057.920666666665
2019-04-16,91521.20000000001,1,4,16,16,2,2019,0,0,25888.59,6626.13,12909.54,37272.131428571425,51059.748999999996
2019-04-17,35570.05,2,4,17,16,2,2019,0,0,91521.20000000001,55746.350000000006,17796.69,49399.99857142857,53680.13766666667
2019-04-18,76694.4,3,4,18,16,2,2019,0,0,35570.05,47721.05,107731.46,46517.670000000006,54272.583
2019-04-19,101085.2,4,4,19,16,2,2019,0,0,76694.4,63996.74,36597.15,50656.719999999994,53238.01433333333
2019-04-20,22093.06,5,4,20,16,2,2019,1,0,101085.2,35130.47,67376.74,55955.07142857143,55387.616
2019-04-21,43966.47,6,4,21,16,2,2019,1,0,22093.06,25795.59,24299.47,54092.58428571429,53878.16
2019-04-22,30128.15,0,4,22,17,2,2019,0,0,43966.47,25888.59,26998.2,56688.42428571428,54533.72666666667
2019-04-23,16667.93,1,4,23,17,2,2019,0,0,30128.15,91521.20000000001,25033.64,57294.07571428572,54638.058333333334
2019-04-24,5242.43,2,4,24,17,2,2019,0,0,16667.93,35570.05,69011.12,46600.75142857143,54359.20133333334
2019-04-25,32482.61,3,4,25,17,2,2019,0,0,5242.43,76694.4,18465.99,42268.23428571428,52233.57833333333
2019-04-26,97494.87,4,4,26,17,2,2019,0,0,32482.61,101085.2,13018.65,35952.264285714286,52700.799
2019-04-27,93967.49,5,4,27,17,2,2019,1,0,97494.87,22093.06,33399.19,35439.36,55516.672999999995
2019-04-28,40302.31,6,4,28,17,2,2019,1,0,93967.49,43966.47,84025.3,45707.135714285716,57535.61633333333
2019-04-29,38602.21,0,4,29,18,2,2019,0,0,40302.31,30128.15,22264.809999999998,45183.68428571429,56078.183333333334
2019-04-30,67424.87,1,4,30,18,2,2019,0,1,38602.21,16667.93,89522.04,46394.264285714286,56622.76333333333
2019-05-01,8123.6,2,5,1,18,2,2019,0,0,67424.87,5242.43,119145.49,53645.25571428572,55886.191
2019-05-02,66803.37,3,5,2,18,2,2019,0,0,8123.6,32482.61,82409.23,54056.851428571434,52185.461333333325
2019-05-03,66109.75,4,5,3,18,2,2019,0,0,66803.37,97494.87,297573.71,58959.817142857144,51665.265999999996
2019-05-04,229729.98,5,5,4,18,2,2019,1,0,66109.75,93967.49,16815.57,54476.22857142857,43949.80066666667
2019-05-05,6140.13,6,5,5,18,2,2019,1,0,229729.98,40302.31,25003.42,73870.87,51046.94766666667
2019-05-06,42965.26,0,5,6,19,2,2019,0,0,6140.13,38602.21,35302.11,68990.55857142857,50418.17133333334
2019-05-07,43295.9,1,5,7,19,2,2019,0,0,42965.26,67424.87,17204.35,69613.85142857143,50673.60966666667
2019-05-08,8275.84,2,5,8,19,2,2019,0,0,43295.9,8123.6,28983.68,66166.85571428572,51543.328
2019-05-09,42573.98,3,5,9,19,2,2019,0,0,8275.84,66803.37,6626.13,66188.60428571429,50853.06666666667
2019-05-10,56964.630000000005,4,5,10,19,2,2019,0,0,42573.98,66109.75,55746.350000000006,62727.26285714286,52051.32833333334
2019-05-11,14898.18,5,5,11,19,2,2019,1,0,56964.630000000005,229729.98,47721.05,61420.817142857144,52091.937666666665
2019-05-12,29540.56,6,5,12,19,2,2019,1,0,14898.18,6140.13,63996.74,30730.56,50997.842
2019-05-13,5004.02,0,5,13,20,2,2019,0,0,29540.56,42965.26,35130.47,34073.478571428575,49849.30266666667
2019-05-14,5509.9,1,5,14,20,2,2019,0,0,5004.02,43295.9,25795.59,28650.44428571429,48845.087666666666
2019-05-15,36633.16,2,5,15,20,2,2019,0,0,5509.9,8275.84,25888.59,23252.444285714282,48168.89800000001
2019-05-16,24485.420000000002,3,5,16,20,2,2019,0,0,36633.16,42573.98,91521.20000000001,27303.489999999998,48527.05033333333
2019-05-17,36000.63,4,5,17,20,2,2019,0,0,24485.420000000002,56964.630000000005,35570.05,24719.410000000003,46292.524333333335
2019-05-18,36518.85,5,5,18,20,2,2019,1,0,36000.63,14898.18,76694.4,21724.552857142855,46306.877
2019-05-19,22809.11,6,5,19,20,2,2019,1,0,36518.85,29540.56,101085.2,24813.22,44967.692
2019-05-20,11524.029999999999,0,5,20,21,2,2019,0,0,22809.11,5004.02,22093.06,23851.58428571429,42358.48900000001
2019-05-21,15744.86,1,5,21,21,2,2019,0,0,11524.029999999999,5509.9,43966.47,24783.014285714286,42006.188
2019-05-22,16322.66,2,5,22,21,2,2019,0,0,15744.86,36633.16,30128.15,26245.15142857143,41065.46766666667
2019-05-23,16251.029999999999,3,5,23,21,2,2019,0,0,16322.66,24485.420000000002,16667.93,23343.65142857143,40605.28466666667
2019-05-24,96603.84,4,5,24,21,2,2019,0,0,16251.029999999999,36000.63,5242.43,22167.309999999998,40591.388000000006
2019-05-25,47684.37,5,5,25,21,2,2019,1,0,96603.84,36518.85,32482.61,30824.911428571428,43636.76833333333
2019-05-26,8366.71,6,5,26,21,2,2019,1,0,47684.37,22809.11,97494.87,32419.985714285714,44143.49366666667
2019-05-27,38272.18,0,5,27,22,2,2019,0,0,8366.71,11524.029999999999,93967.49,30356.785714285714,41172.55500000001
2019-05-28,6155.12,1,5,28,22,2,2019,0,0,38272.18,15744.86,40302.31,34177.95,39316.04466666667
2019-05-29,94811.97,2,5,29,22,2,2019,0,0,6155.12,16322.66,38602.21,32807.98714285714,38177.80500000001
2019-05-30,86275.14,3,5,30,22,2,2019,0,0,94811.97,16251.029999999999,67424.87,44020.74571428571,40051.46366666667
2019-05-31,13676.23,4,5,31,22,2,2019,0,1,86275.14,96603.84,8123.6,54024.19,40679.806
2019-06-01,37369.61,5,6,1,22,2,2019,1,0,13676.23,47684.37,66803.37,42177.388571428564,40864.89366666667
2019-06-02,134109.7,6,6,2,22,2,2019,1,0,37369.61,8366.71,66109.75,40703.85142857143,39883.76833333333
2019-06-03,69300.08,0,6,3,23,2,2019,0,0,134109.7,38272.18,229729.98,58667.13571428572,42150.433333333334
2019-06-04,218423.22,1,6,4,23,2,2019,0,0,69300.08,6155.12,6140.13,63099.69285714285,36802.770000000004
2019-06-05,91674.18000000001,2,6,5,23,2,2019,0,0,218423.22,94811.97,42965.26,93423.70714285714,43878.873
2019-06-06,38282.72,3,6,6,23,2,2019,0,0,91674.18000000001,86275.14,43295.9,92975.45142857144,45502.503666666664
2019-06-07,55268.21,4,6,7,23,2,2019,0,0,38282.72,13676.23,8275.84,86119.39142857143,45335.397666666664
2019-06-08,37895.65,5,6,8,23,2,2019,1,0,55268.21,37369.61,42573.98,92061.10285714288,46901.810000000005
2019-06-09,15313.95,6,6,9,23,2,2019,1,0,37895.65,134109.7,56964.630000000005,92136.25142857143,46745.865666666665
2019-06-10,15163.480000000001,0,6,10,24,2,2019,0,0,15313.95,69300.08,14898.18,75165.43000000001,45357.509666666665
2019-06-11,32975.22,1,6,11,24,2,2019,0,0,15163.480000000001,218423.22,29540.56,67431.63,45366.353
2019-06-12,13166.31,2,6,12,24,2,2019,0,0,32975.22,91674.18000000001,5004.02,40939.05857142858,45480.84166666667
2019-06-13,58509.670000000006,3,6,13,24,2,2019,0,0,13166.31,38282.72,5509.9,29723.648571428574,45752.918
2019-06-14,15605.43,4,6,14,24,2,2019,0,0,58509.670000000006,55268.21,36633.16,32613.21285714286,47519.577000000005
2019-06-15,57542.34,5,6,15,24,2,2019,1,0,15605.43,37895.65,24485.420000000002,26947.101428571426,46818.65266666667
2019-06-16,23381.690000000002,6,6,16,24,2,2019,1,0,57542.34,15313.95,36000.63,29753.77142857143,47920.55
2019-06-17,26416.8,0,6,17,25,2,2019,0,0,23381.690000000002,15163.480000000001,36518.85,30906.30571428571,47499.91866666667
2019-06-18,33962.17,1,6,18,25,2,2019,0,0,26416.8,32975.22,22809.11,32513.92285714286,47163.183666666664
2019-06-19,25779.78,2,6,19,25,2,2019,0,0,33962.17,13166.31,11524.029999999999,32654.915714285715,47534.952333333335
2019-06-20,46491.67,3,6,20,25,2,2019,0,0,25779.78,58509.670000000006,15744.86,34456.840000000004,48010.144
2019-06-21,62999.95999999999,4,6,21,25,2,2019,0,0,46491.67,15605.43,16322.66,32739.98285714286,49035.03766666667
2019-06-22,85252.47,5,6,22,25,2,2019,1,0,62999.95999999999,57542.34,16251.029999999999,39510.63,50590.94766666667
2019-06-23,18252.34,6,6,23,25,2,2019,1,0,85252.47,23381.690000000002,96603.84,43469.219999999994,52890.99566666666
2019-06-24,33176.2,0,6,24,26,2,2019,0,0,18252.34,26416.8,47684.37,42736.455714285716,50279.279
2019-06-25,51342.95,1,6,25,26,2,2019,0,0,33176.2,33962.17,8366.71,43702.08428571428,49795.67333333333
2019-06-26,40614.02,2,6,26,26,2,2019,0,0,51342.95,25779.78,38272.18,46185.05285714285,51228.21466666667
2019-06-27,37201.82,3,6,27,26,2,2019,0,0,40614.02,46491.67,6155.12,48304.229999999996,51306.276
2019-06-28,66943.4,4,6,28,26,2,2019,0,0,37201.82,62999.95999999999,94811.97,46977.10857142857,52341.166
2019-06-29,82490.81,5,6,29,26,2,2019,1,0,66943.4,85252.47,86275.14,47540.457142857136,51412.21366666666
2019-06-30,49778.200000000004,6,6,30,26,2,2019,1,1,82490.81,18252.34,13676.23,47145.934285714284,51286.06933333333
2019-07-01,56114.59,0,7,1,27,3,2019,0,0,49778.200000000004,33176.2,37369.61,51649.62857142857,52489.46833333334
2019-07-02,368455.3,1,7,2,27,3,2019,0,0,56114.59,51342.95,134109.7,54926.54142857143,53114.301
2019-07-03,57423.19,2,7,3,27,3,2019,0,0,368455.3,40614.02,69300.08,100228.30571428571,60925.820999999996
2019-07-04,52790.37,3,7,4,27,3,2019,0,0,57423.19,37201.82,218423.22,102629.61571428573,60529.924666666666
2019-07-05,136547.43,4,7,5,27,3,2019,0,0,52790.37,66943.4,91674.18000000001,104856.55142857145,55008.829666666665
2019-07-06,15596.69,5,7,6,27,3,2019,1,0,136547.43,82490.81,38282.72,114799.9842857143,56504.60466666667
2019-07-07,32656.21,6,7,7,27,3,2019,1,0,15596.69,49778.200000000004,55268.21,105243.68142857142,55748.40366666667
2019-07-08,35798.93,0,7,8,28,3,2019,0,0,32656.21,56114.59,37895.65,102797.68285714286,54994.67033333333
2019-07-09,19772.95,1,7,9,28,3,2019,0,0,35798.93,368455.3,15313.95,99895.44571428571,54924.77966666666
2019-07-10,10202.76,2,7,10,28,3,2019,0,0,19772.95,57423.19,15163.480000000001,50083.68142857143,55073.41299999999
2019-07-11,71833.0,3,7,11,28,3,2019,0,0,10202.76,52790.37,32975.22,43337.90571428571,54908.05566666667
2019-07-12,13588.13,4,7,12,28,3,2019,0,0,71833.0,136547.43,13166.31,46058.28142857143,56203.314999999995
2019-07-13,55450.95,5,7,13,28,3,2019,1,0,13588.13,15596.69,58509.670000000006,28492.667142857146,56217.37566666667
2019-07-14,22328.28,6,7,14,28,3,2019,1,0,55450.95,32656.21,15605.43,34186.13285714285,56115.418333333335
2019-07-15,22398.1,0,7,15,29,3,2019,0,0,22328.28,35798.93,57542.34,32710.714285714286,56339.51333333333
2019-07-16,14858.26,1,7,16,29,3,2019,0,0,22398.1,19772.95,23381.690000000002,30796.31,55168.038666666675
2019-07-17,17194.19,2,7,17,29,3,2019,0,0,14858.26,10202.76,26416.8,30094.21142857143,54883.92433333332
2019-07-18,7944.099999999999,3,7,18,29,3,2019,0,0,17194.19,71833.0,33962.17,31092.98714285714,54576.504
2019-07-19,141233.51,4,7,19,29,3,2019,0,0,7944.099999999999,13588.13,25779.78,21966.001428571424,53709.23499999999
2019-07-20,20534.7,5,7,20,29,3,2019,1,0,141233.51,55450.95,46491.67,40201.055714285714,57557.69266666666
2019-07-21,41415.6,6,7,21,29,3,2019,1,0,20534.7,22328.28,62999.95999999999,35213.020000000004,56692.46033333333
2019-07-22,88438.07,0,7,22,30,3,2019,0,0,41415.6,22398.1,85252.47,37939.780000000006,55972.98166666667
2019-07-23,7205.21,1,7,23,30,3,2019,0,0,88438.07,14858.26,18252.34,47374.061428571425,56079.168333333335
2019-07-24,23342.37,2,7,24,30,3,2019,0,0,7205.21,17194.19,33176.2,46280.76857142857,55710.93066666667
2019-07-25,9625.97,3,7,25,30,3,2019,0,0,23342.37,7944.099999999999,51342.95,47159.08,55383.13633333333
2019-07-26,41217.36,4,7,26,30,3,2019,0,0,9625.97,141233.51,40614.02,47399.34714285714,53992.57033333334
2019-07-27,49218.87,5,7,27,30,3,2019,1,0,41217.36,20534.7,37201.82,33111.32571428571,54012.681666666664
2019-07-28,49422.65,6,7,28,30,3,2019,1,0,49218.87,41415.6,66943.4,37209.06428571429,54413.25
2019-07-29,50072.76,0,7,29,31,3,2019,0,0,49422.65,88438.07,82490.81,38352.92857142857,53829.225
2019-07-30,30176.69,1,7,30,31,3,2019,0,0,50072.76,7205.21,49778.200000000004,32872.17,52748.62333333333
2019-07-31,30615.59,2,7,31,31,3,2019,0,1,30176.69,23342.37,56114.59,36153.81,52095.23966666667
2019-08-01,4155.9,3,8,1,31,3,2019,0,0,30615.59,9625.97,368455.3,37192.84142857143,51245.273
2019-08-02,171955.03,4,8,2,31,3,2019,0,0,4155.9,41217.36,57423.19,36411.40285714286,39101.95966666667
2019-08-03,42371.94,5,8,3,31,3,2019,1,0,171955.03,49218.87,52790.37,55088.212857142855,42919.687666666665
2019-08-04,240631.18,6,8,4,31,3,2019,1,0,42371.94,49422.65,136547.43,54110.08000000001,42572.40666666667
2019-08-05,159502.25,0,8,5,32,3,2019,0,0,240631.18,50072.76,15596.69,81425.58428571429,46041.865
2019-08-06,13124.47,1,8,6,32,3,2019,0,0,159502.25,30176.69,32656.21,97058.36857142857,50838.717
2019-08-07,14737.05,2,8,7,32,3,2019,0,0,13124.47,30615.59,35798.93,94622.33714285714,50187.659
2019-08-08,8543.43,3,8,8,32,3,2019,0,0,14737.05,4155.9,19772.95,92353.97428571428,49485.596333333335
2019-08-09,35014.61,4,8,9,32,3,2019,0,0,8543.43,171955.03,10202.76,92980.7642857143,49111.279
2019-08-10,15391.3,5,8,10,32,3,2019,1,0,35014.61,42371.94,71833.0,73417.84714285715,49938.34066666667
2019-08-11,31447.03,6,8,11,32,3,2019,1,0,15391.3,240631.18,13588.13,69563.47,48056.950666666664
2019-08-12,20774.66,0,8,12,33,3,2019,0,0,31447.03,159502.25,55450.95,39680.020000000004,48652.24733333333
2019-08-13,53201.329999999994,1,8,13,33,3,2019,0,0,20774.66,13124.47,22328.28,19861.792857142857,47496.37100000001
2019-08-14,23459.75,2,8,14,33,3,2019,0,0,53201.329999999994,14737.05,22398.1,25587.058571428566,48525.47266666666
2019-08-15,70740.97,3,8,15,33,3,2019,0,0,23459.75,8543.43,14858.26,26833.15857142857,48560.861000000004
2019-08-16,72755.34999999999,4,8,16,33,3,2019,0,0,70740.97,35014.61,17194.19,35718.521428571425,50423.618
2019-08-17,14038.47,5,8,17,33,3,2019,1,0,72755.34999999999,15391.3,7944.099999999999,41110.055714285714,52275.65666666666
2019-08-18,20022.85,6,8,18,33,3,2019,1,0,14038.47,31447.03,141233.51,40916.794285714284,52478.80233333333
2019-08-19,41091.590000000004,0,8,19,34,3,2019,0,0,20022.85,20774.66,20534.7,39284.76857142857,48438.44700000001
2019-08-20,11524.02,1,8,20,34,3,2019,0,0,41091.590000000004,53201.329999999994,41415.6,42187.18714285714,49123.676666666666
2019-08-21,31541.609999999997,2,8,21,34,3,2019,0,0,11524.02,23459.75,88438.07,36233.28571428571,48127.29066666667
2019-08-22,59824.979999999996,3,8,22,34,3,2019,0,0,31541.609999999997,70740.97,7205.21,37387.83714285715,46230.742
2019-08-23,60761.17,4,8,23,34,3,2019,0,0,59824.979999999996,72755.34999999999,23342.37,35828.409999999996,47984.734333333334
2019-08-24,10209.62,5,8,24,34,3,2019,1,0,60761.17,14038.47,9625.97,34114.955714285716,49232.02766666667
2019-08-25,11614.99,6,8,25,34,3,2019,1,0,10209.62,20022.85,41217.36,33567.97714285714,49251.48266666666
2019-08-26,11644.560000000001,0,8,26,35,3,2019,0,0,11614.99,41091.590000000004,49218.87,32366.854285714282,48264.737
2019-08-27,97066.36,1,8,27,35,3,2019,0,0,11644.560000000001,11524.02,49422.65,28160.135714285712,47012.259999999995
2019-08-28,112593.84,2,8,28,35,3,2019,0,0,97066.36,31541.609999999997,50072.76,40380.47000000001,48600.38366666667
2019-08-29,50591.54,3,8,29,35,3,2019,0,0,112593.84,59824.979999999996,30176.69,51959.36,50684.41966666667
2019-08-30,175217.53,4,8,30,35,3,2019,0,0,50591.54,60761.17,30615.59,50640.29714285715,51364.914666666664
2019-08-31,49235.65,5,8,31,35,3,2019,1,1,175217.53,10209.62,4155.9,66991.20571428572,56184.97933333333
2019-09-01,251018.09000000003,6,9,1,35,3,2019,1,0,49235.65,11614.99,171955.03,72566.35285714286,57687.63766666667
2019-09-02,311712.14999999997,0,9,2,36,3,2019,0,0,251018.09000000003,11644.560000000001,42371.94,106766.79571428572,60323.073
2019-09-03,35871.94,1,9,3,36,3,2019,0,0,311712.14999999997,97066.36,240631.18,149633.5942857143,69301.08
2019-09-04,81141.12000000001,2,9,4,36,3,2019,0,0,35871.94,112593.84,159502.25,140891.5342857143,62475.772
2019-09-05,129057.7,3,9,5,36,3,2019,0,0,81141.12000000001,50591.54,13124.47,136398.28857142857,59863.734333333334
2019-09-06,40680.15,4,9,6,36,3,2019,0,0,129057.7,175217.53,14737.05,147607.74000000002,63728.17533333333
2019-09-07,39592.2,5,9,7,36,3,2019,1,0,40680.15,49235.65,8543.43,128388.1142857143,64592.94533333333
2019-09-08,20150.84,6,9,8,36,3,2019,1,0,39592.2,251018.09000000003,35014.61,127010.47857142857,65627.90433333332
2019-09-09,42614.479999999996,0,9,9,37,3,2019,0,0,20150.84,311712.14999999997,15391.3,94029.44285714286,65132.44533333334
2019-09-10,15967.310000000001,1,9,10,37,3,2019,0,0,42614.479999999996,35871.94,31447.03,55586.91857142857,66039.88466666666
2019-09-11,11169.86,2,9,11,37,3,2019,0,0,15967.310000000001,81141.12000000001,20774.66,52743.4,65523.894
2019-09-12,42055.24,3,9,12,37,3,2019,0,0,11169.86,129057.7,53201.329999999994,42747.50571428572,65203.73399999999
2019-09-13,100852.71999999999,4,9,13,37,3,2019,0,0,42055.24,40680.15,23459.75,30318.58285714286,64832.19766666667
2019-09-14,37480.4,5,9,14,37,3,2019,1,0,100852.71999999999,39592.2,70740.97,38914.66428571429,67411.96333333333
2019-09-15,131131.75,6,9,15,37,3,2019,1,0,37480.4,20150.84,72755.34999999999,38612.97857142857,66303.27766666668
2019-09-16,25793.59,0,9,16,38,3,2019,0,0,131131.75,42614.479999999996,14038.47,54467.39428571429,68249.15766666667
2019-09-17,20472.13,1,9,17,38,3,2019,0,0,25793.59,15967.310000000001,20022.85,52064.409999999996,68640.99500000001
2019-09-18,35433.09,2,9,18,38,3,2019,0,0,20472.13,11169.86,41091.590000000004,52707.955714285716,68655.97099999999
2019-09-19,45741.72,3,9,19,38,3,2019,0,0,35433.09,42055.24,11524.02,56174.13142857142,68467.35433333334
2019-09-20,37644.07,4,9,20,38,3,2019,0,0,45741.72,100852.71999999999,31541.609999999997,56700.771428571425,69607.94433333333
2019-09-21,22043.05,5,9,21,38,3,2019,1,0,37644.07,37480.4,59824.979999999996,47670.96428571428,69811.35966666666
2019-09-22,15963.34,6,9,22,38,3,2019,1,0,22043.05,131131.75,60761.17,45465.62857142857,68551.962
2019-09-23,14340.67,0,9,23,39,3,2019,0,0,15963.34,25793.59,10209.62,29012.99857142857,67058.701
2019-09-24,11147.74,1,9,24,39,3,2019,0,0,14340.67,20472.13,11614.99,27376.867142857143,67196.40266666666
2019-09-25,41897.15,2,9,25,39,3,2019,0,0,11147.74,35433.09,11644.560000000001,26044.81142857143,67180.82766666666
2019-09-26,19507.53,3,9,26,39,3,2019,0,0,41897.15,45741.72,97066.36,26968.24857142857,68189.24733333333
2019-09-27,148299.94,4,9,27,39,3,2019,0,0,19507.53,37644.07,112593.84,23220.507142857143,65603.95300000001
2019-09-28,29025.269999999997,5,9,28,39,3,2019,1,0,148299.94,22043.05,50591.54,39028.48857142857,66794.15633333333
2019-09-29,55373.619999999995,6,9,29,39,3,2019,1,0,29025.269999999997,15963.34,175217.53,40025.94857142858,66075.28066666667
2019-09-30,48834.270000000004,0,9,30,40,3,2019,0,1,55373.619999999995,14340.67,49235.65,45655.98857142857,62080.48366666667
2019-10-01,0.0,1,10,1,40,4,2019,0,0,48834.270000000004,11147.74,251018.09000000003,50583.64571428571,62067.10433333333
2019-10-02,0.0,2,10,2,40,4,2019,0,0,0.0,41897.15,311712.14999999997,48991.11142857142,53699.83466666667
2019-10-03,0.0,3,10,3,40,4,2019,0,0,0.0,19507.53,35871.94,43005.80428571428,43309.42966666666
2019-10-04,0.0,4,10,4,40,4,2019,0,0,0.0,148299.94,81141.12000000001,40219.014285714286,42113.698333333334
2019-10-05,0.0,5,10,5,40,4,2019,1,0,0.0,29025.269999999997,129057.7,19033.308571428573,39408.99433333333
2019-10-06,0.0,6,10,6,40,4,2019,1,0,0.0,55373.619999999995,40680.15,14886.84142857143,35107.070999999996
2019-10-07,0.0,0,10,7,41,4,2019,0,0,0.0,48834.270000000004,39592.2,6976.324285714286,33751.066
2019-10-08,0.0,1,10,8,41,4,2019,0,0,0.0,0.0,20150.84,0.0,32431.325999999997
2019-10-09,0.0,2,10,9,41,4,2019,0,0,0.0,0.0,42614.479999999996,0.0,31759.63133333333
2019-10-10,0.0,3,10,10,41,4,2019,0,0,0.0,0.0,15967.310000000001,0.0,30339.148666666664
2019-10-11,0.0,4,10,11,41,4,2019,0,0,0.0,0.0,11169.86,0.0,29806.904999999995
2019-10-12,0.0,5,10,12,41,4,2019,1,0,0.0,0.0,42055.24,0.0,29434.57633333333
2019-10-13,0.0,6,10,13,41,4,2019,1,0,0.0,0.0,100852.71999999999,0.0,28032.734999999997
2019-10-14,44286.7,0,10,14,42,4,2019,0,0,0.0,0.0,37480.4,0.0,24670.977666666666
2019-10-15,63821.100000000006,1,10,15,42,4,2019,0,0,44286.7,0.0,131131.75,6326.671428571428,24897.854333333333
2019-10-16,59064.94,2,10,16,42,4,2019,0,0,63821.100000000006,0.0,25793.59,15443.971428571429,22654.166
2019-10-17,0.0,3,10,17,42,4,2019,0,0,59064.94,0.0,20472.13,23881.82,23763.211
2019-10-18,0.0,4,10,18,42,4,2019,0,0,0.0,0.0,35433.09,23881.82,23080.806666666664
2019-10-19,0.0,5,10,19,42,4,2019,1,0,0.0,0.0,45741.72,23881.82,21899.703666666665
2019-10-20,0.0,6,10,20,42,4,2019,1,0,0.0,0.0,37644.07,23881.82,20374.979666666663
2019-10-21,18776.31,0,10,21,43,4,2019,0,0,0.0,44286.7,22043.05,23881.82,19120.177333333333
2019-10-22,29956.29,1,10,22,43,4,2019,0,0,18776.31,63821.100000000006,15963.34,20237.47857142857,19011.286
2019-10-23,27919.3,2,10,23,43,4,2019,0,0,29956.29,59064.94,14340.67,15399.648571428572,19477.717666666667
2019-10-24,0.0,3,10,24,43,4,2019,0,0,27919.3,0.0,11147.74,10950.271428571428,19930.338666666667
2019-10-25,5557.06,4,10,25,43,4,2019,0,0,0.0,0.0,41897.15,10950.271428571428,19558.74733333333
2019-10-26,0.0,5,10,26,43,4,2019,1,0,5557.06,0.0,19507.53,11744.137142857144,18347.411000000004
2019-10-27,22387.39,6,10,27,43,4,2019,1,0,0.0,0.0,148299.94,11744.137142857144,17697.16
2019-10-28,0.0,0,10,28,44,4,2019,0,0,22387.39,18776.31,29025.269999999997,14942.335714285715,13500.075
2019-10-29,0.0,1,10,29,44,4,2019,0,0,0.0,29956.29,55373.619999999995,12260.005714285715,12532.565999999999
2019-10-30,0.0,2,10,30,44,4,2019,0,0,0.0,27919.3,48834.270000000004,7980.535714285715,10686.778666666667
2019-10-31,0.0,3,10,31,44,4,2019,0,1,0.0,0.0,0.0,3992.0642857142857,9058.969666666668
2019-11-01,35910.83,4,11,1,44,4,2019,0,0,0.0,5557.06,0.0,3992.0642857142857,9058.969666666668
2019-11-02,29330.11,5,11,2,44,4,2019,1,0,35910.83,0.0,0.0,8328.317142857142,10255.997333333335
2019-11-03,16700.17,6,11,3,44,4,2019,1,0,29330.11,22387.39,0.0,12518.332857142857,11233.667666666668
2019-11-04,0.0,0,11,4,45,4,2019,0,0,16700.17,0.0,0.0,11705.872857142856,11790.34
2019-11-05,46249.96,1,11,5,45,4,2019,0,0,0.0,0.0,0.0,11705.872857142856,11790.34
2019-11-06,13526.99,2,11,6,45,4,2019,0,0,46249.96,0.0,0.0,18313.010000000002,13332.005333333334
2019-11-07,0.0,3,11,7,45,4,2019,0,0,13526.99,0.0,0.0,20245.437142857143,13782.905
2019-11-08,26381.989999999998,4,11,8,45,4,2019,0,0,0.0,35910.83,0.0,20245.437142857143,13782.905
2019-11-09,0.0,5,11,9,45,4,2019,1,0,26381.989999999998,29330.11,0.0,18884.174285714285,14662.304666666667
2019-11-10,34231.0,6,11,10,45,4,2019,1,0,0.0,16700.17,0.0,14694.15857142857,14662.304666666667
